"filename", "language", "JSON", "JSON with Comments", "CSS", "TypeScript", "HTML", "Markdown", "comment", "blank", "total"
"c:\Users\F13RR0\Desktop\ProyectoWEB-archivo\Proyecto-WEB-2-master\README.md", "Markdown", 0, 0, 0, 0, 0, 14, 0, 14, 28
"c:\Users\F13RR0\Desktop\ProyectoWEB-archivo\Proyecto-WEB-2-master\angular.json", "JSON", 103, 0, 0, 0, 0, 0, 0, 1, 104
"c:\Users\F13RR0\Desktop\ProyectoWEB-archivo\Proyecto-WEB-2-master\package-lock.json", "JSON", 13981, 0, 0, 0, 0, 0, 0, 1, 13982
"c:\Users\F13RR0\Desktop\ProyectoWEB-archivo\Proyecto-WEB-2-master\package.json", "JSON", 49, 0, 0, 0, 0, 0, 0, 1, 50
"c:\Users\F13RR0\Desktop\ProyectoWEB-archivo\Proyecto-WEB-2-master\src\app\Proyecto-Web2.code-workspace", "JSON with Comments", 0, 17, 0, 0, 0, 0, 0, 0, 17
"c:\Users\F13RR0\Desktop\ProyectoWEB-archivo\Proyecto-WEB-2-master\src\app\acceso-puerta\acceso-puerta.component.css", "CSS", 0, 0, 48, 0, 0, 0, 0, 11, 59
"c:\Users\F13RR0\Desktop\ProyectoWEB-archivo\Proyecto-WEB-2-master\src\app\acceso-puerta\acceso-puerta.component.html", "HTML", 0, 0, 0, 0, 11, 0, 0, 6, 17
"c:\Users\F13RR0\Desktop\ProyectoWEB-archivo\Proyecto-WEB-2-master\src\app\acceso-puerta\acceso-puerta.component.spec.ts", "TypeScript", 0, 0, 0, 17, 0, 0, 0, 5, 22
"c:\Users\F13RR0\Desktop\ProyectoWEB-archivo\Proyecto-WEB-2-master\src\app\acceso-puerta\acceso-puerta.component.ts", "TypeScript", 0, 0, 0, 51, 0, 0, 4, 15, 70
"c:\Users\F13RR0\Desktop\ProyectoWEB-archivo\Proyecto-WEB-2-master\src\app\acceso-puerta\acceso-puerta.service.spec.ts", "TypeScript", 0, 0, 0, 12, 0, 0, 0, 5, 17
"c:\Users\F13RR0\Desktop\ProyectoWEB-archivo\Proyecto-WEB-2-master\src\app\acceso-puerta\acceso-puerta.service.ts", "TypeScript", 0, 0, 0, 13, 0, 0, 3, 6, 22
"c:\Users\F13RR0\Desktop\ProyectoWEB-archivo\Proyecto-WEB-2-master\src\app\acuerdos-usuarios\acuerdos-usuarios.component.css", "CSS", 0, 0, 40, 0, 0, 0, 0, 8, 48
"c:\Users\F13RR0\Desktop\ProyectoWEB-archivo\Proyecto-WEB-2-master\src\app\acuerdos-usuarios\acuerdos-usuarios.component.html", "HTML", 0, 0, 0, 0, 23, 0, 0, 2, 25
"c:\Users\F13RR0\Desktop\ProyectoWEB-archivo\Proyecto-WEB-2-master\src\app\acuerdos-usuarios\acuerdos-usuarios.component.spec.ts", "TypeScript", 0, 0, 0, 17, 0, 0, 0, 5, 22
"c:\Users\F13RR0\Desktop\ProyectoWEB-archivo\Proyecto-WEB-2-master\src\app\acuerdos-usuarios\acuerdos-usuarios.component.ts", "TypeScript", 0, 0, 0, 26, 0, 0, 1, 5, 32
"c:\Users\F13RR0\Desktop\ProyectoWEB-archivo\Proyecto-WEB-2-master\src\app\acuerdos\acuerdos.component.css", "CSS", 0, 0, 89, 0, 0, 0, 44, 32, 165
"c:\Users\F13RR0\Desktop\ProyectoWEB-archivo\Proyecto-WEB-2-master\src\app\acuerdos\acuerdos.component.html", "HTML", 0, 0, 0, 0, 14, 0, 0, 7, 21
"c:\Users\F13RR0\Desktop\ProyectoWEB-archivo\Proyecto-WEB-2-master\src\app\acuerdos\acuerdos.component.spec.ts", "TypeScript", 0, 0, 0, 17, 0, 0, 0, 5, 22
"c:\Users\F13RR0\Desktop\ProyectoWEB-archivo\Proyecto-WEB-2-master\src\app\acuerdos\acuerdos.component.ts", "TypeScript", 0, 0, 0, 86, 0, 0, 12, 28, 126
"c:\Users\F13RR0\Desktop\ProyectoWEB-archivo\Proyecto-WEB-2-master\src\app\acuerdos\acuerdos.model.ts", "TypeScript", 0, 0, 0, 20, 0, 0, 0, 3, 23
"c:\Users\F13RR0\Desktop\ProyectoWEB-archivo\Proyecto-WEB-2-master\src\app\acuerdos\acuerdos.service.spec.ts", "TypeScript", 0, 0, 0, 12, 0, 0, 0, 5, 17
"c:\Users\F13RR0\Desktop\ProyectoWEB-archivo\Proyecto-WEB-2-master\src\app\acuerdos\acuerdos.service.ts", "TypeScript", 0, 0, 0, 27, 0, 0, 0, 8, 35
"c:\Users\F13RR0\Desktop\ProyectoWEB-archivo\Proyecto-WEB-2-master\src\app\administracion\administracion.component.css", "CSS", 0, 0, 23, 0, 0, 0, 0, 6, 29
"c:\Users\F13RR0\Desktop\ProyectoWEB-archivo\Proyecto-WEB-2-master\src\app\administracion\administracion.component.html", "HTML", 0, 0, 0, 0, 17, 0, 3, 3, 23
"c:\Users\F13RR0\Desktop\ProyectoWEB-archivo\Proyecto-WEB-2-master\src\app\administracion\administracion.component.spec.ts", "TypeScript", 0, 0, 0, 17, 0, 0, 0, 5, 22
"c:\Users\F13RR0\Desktop\ProyectoWEB-archivo\Proyecto-WEB-2-master\src\app\administracion\administracion.component.ts", "TypeScript", 0, 0, 0, 8, 0, 0, 0, 3, 11
"c:\Users\F13RR0\Desktop\ProyectoWEB-archivo\Proyecto-WEB-2-master\src\app\agregar-usuario\agregar-usuario.component.css", "CSS", 0, 0, 95, 0, 0, 0, 27, 28, 150
"c:\Users\F13RR0\Desktop\ProyectoWEB-archivo\Proyecto-WEB-2-master\src\app\agregar-usuario\agregar-usuario.component.html", "HTML", 0, 0, 0, 0, 32, 0, 0, 3, 35
"c:\Users\F13RR0\Desktop\ProyectoWEB-archivo\Proyecto-WEB-2-master\src\app\agregar-usuario\agregar-usuario.component.spec.ts", "TypeScript", 0, 0, 0, 17, 0, 0, 0, 5, 22
"c:\Users\F13RR0\Desktop\ProyectoWEB-archivo\Proyecto-WEB-2-master\src\app\agregar-usuario\agregar-usuario.component.ts", "TypeScript", 0, 0, 0, 45, 0, 0, 0, 11, 56
"c:\Users\F13RR0\Desktop\ProyectoWEB-archivo\Proyecto-WEB-2-master\src\app\app-routing.module.ts", "TypeScript", 0, 0, 0, 102, 0, 0, 4, 13, 119
"c:\Users\F13RR0\Desktop\ProyectoWEB-archivo\Proyecto-WEB-2-master\src\app\app.component.css", "CSS", 0, 0, 257, 0, 0, 0, 11, 45, 313
"c:\Users\F13RR0\Desktop\ProyectoWEB-archivo\Proyecto-WEB-2-master\src\app\app.component.html", "HTML", 0, 0, 0, 0, 27, 0, 0, 10, 37
"c:\Users\F13RR0\Desktop\ProyectoWEB-archivo\Proyecto-WEB-2-master\src\app\app.component.spec.ts", "TypeScript", 0, 0, 0, 26, 0, 0, 0, 6, 32
"c:\Users\F13RR0\Desktop\ProyectoWEB-archivo\Proyecto-WEB-2-master\src\app\app.component.ts", "TypeScript", 0, 0, 0, 101, 0, 0, 16, 44, 161
"c:\Users\F13RR0\Desktop\ProyectoWEB-archivo\Proyecto-WEB-2-master\src\app\app.module.ts", "TypeScript", 0, 0, 0, 120, 0, 0, 0, 10, 130
"c:\Users\F13RR0\Desktop\ProyectoWEB-archivo\Proyecto-WEB-2-master\src\app\consultar-acuerdos\consultar-acuerdos.component.css", "CSS", 0, 0, 94, 0, 0, 0, 27, 28, 149
"c:\Users\F13RR0\Desktop\ProyectoWEB-archivo\Proyecto-WEB-2-master\src\app\consultar-acuerdos\consultar-acuerdos.component.html", "HTML", 0, 0, 0, 0, 33, 0, 0, 3, 36
"c:\Users\F13RR0\Desktop\ProyectoWEB-archivo\Proyecto-WEB-2-master\src\app\consultar-acuerdos\consultar-acuerdos.component.spec.ts", "TypeScript", 0, 0, 0, 17, 0, 0, 0, 5, 22
"c:\Users\F13RR0\Desktop\ProyectoWEB-archivo\Proyecto-WEB-2-master\src\app\consultar-acuerdos\consultar-acuerdos.component.ts", "TypeScript", 0, 0, 0, 65, 0, 0, 12, 21, 98
"c:\Users\F13RR0\Desktop\ProyectoWEB-archivo\Proyecto-WEB-2-master\src\app\consultar-notificaciones\consultar-notificaciones.component.css", "CSS", 0, 0, 94, 0, 0, 0, 27, 28, 149
"c:\Users\F13RR0\Desktop\ProyectoWEB-archivo\Proyecto-WEB-2-master\src\app\consultar-notificaciones\consultar-notificaciones.component.html", "HTML", 0, 0, 0, 0, 41, 0, 0, 9, 50
"c:\Users\F13RR0\Desktop\ProyectoWEB-archivo\Proyecto-WEB-2-master\src\app\consultar-notificaciones\consultar-notificaciones.component.spec.ts", "TypeScript", 0, 0, 0, 17, 0, 0, 0, 5, 22
"c:\Users\F13RR0\Desktop\ProyectoWEB-archivo\Proyecto-WEB-2-master\src\app\consultar-notificaciones\consultar-notificaciones.component.ts", "TypeScript", 0, 0, 0, 50, 0, 0, 5, 11, 66
"c:\Users\F13RR0\Desktop\ProyectoWEB-archivo\Proyecto-WEB-2-master\src\app\consultar-notificaciones\notificaciones.model.ts", "TypeScript", 0, 0, 0, 23, 0, 0, 0, 2, 25
"c:\Users\F13RR0\Desktop\ProyectoWEB-archivo\Proyecto-WEB-2-master\src\app\consultar-notificaciones\notificaciones.service.ts", "TypeScript", 0, 0, 0, 24, 0, 0, 0, 12, 36
"c:\Users\F13RR0\Desktop\ProyectoWEB-archivo\Proyecto-WEB-2-master\src\app\consultar-notificaciones\personas.model.ts", "TypeScript", 0, 0, 0, 38, 0, 0, 0, 2, 40
"c:\Users\F13RR0\Desktop\ProyectoWEB-archivo\Proyecto-WEB-2-master\src\app\consultar-propiedades\consultar-propiedades.component.css", "CSS", 0, 0, 66, 0, 0, 0, 0, 26, 92
"c:\Users\F13RR0\Desktop\ProyectoWEB-archivo\Proyecto-WEB-2-master\src\app\consultar-propiedades\consultar-propiedades.component.html", "HTML", 0, 0, 0, 0, 56, 0, 0, 4, 60
"c:\Users\F13RR0\Desktop\ProyectoWEB-archivo\Proyecto-WEB-2-master\src\app\consultar-propiedades\consultar-propiedades.component.spec.ts", "TypeScript", 0, 0, 0, 17, 0, 0, 0, 5, 22
"c:\Users\F13RR0\Desktop\ProyectoWEB-archivo\Proyecto-WEB-2-master\src\app\consultar-propiedades\consultar-propiedades.component.ts", "TypeScript", 0, 0, 0, 76, 0, 0, 3, 16, 95
"c:\Users\F13RR0\Desktop\ProyectoWEB-archivo\Proyecto-WEB-2-master\src\app\cuenta\cuenta.component.css", "CSS", 0, 0, 118, 0, 0, 0, 1, 49, 168
"c:\Users\F13RR0\Desktop\ProyectoWEB-archivo\Proyecto-WEB-2-master\src\app\cuenta\cuenta.component.html", "HTML", 0, 0, 0, 0, 40, 0, 0, 7, 47
"c:\Users\F13RR0\Desktop\ProyectoWEB-archivo\Proyecto-WEB-2-master\src\app\cuenta\cuenta.component.spec.ts", "TypeScript", 0, 0, 0, 17, 0, 0, 0, 5, 22
"c:\Users\F13RR0\Desktop\ProyectoWEB-archivo\Proyecto-WEB-2-master\src\app\cuenta\cuenta.component.ts", "TypeScript", 0, 0, 0, 132, 0, 0, 7, 39, 178
"c:\Users\F13RR0\Desktop\ProyectoWEB-archivo\Proyecto-WEB-2-master\src\app\cuenta\image.service.spec.ts", "TypeScript", 0, 0, 0, 12, 0, 0, 0, 5, 17
"c:\Users\F13RR0\Desktop\ProyectoWEB-archivo\Proyecto-WEB-2-master\src\app\cuenta\image.service.ts", "TypeScript", 0, 0, 0, 21, 0, 0, 4, 7, 32
"c:\Users\F13RR0\Desktop\ProyectoWEB-archivo\Proyecto-WEB-2-master\src\app\cuenta\usuario.model.ts", "TypeScript", 0, 0, 0, 32, 0, 0, 0, 3, 35
"c:\Users\F13RR0\Desktop\ProyectoWEB-archivo\Proyecto-WEB-2-master\src\app\data.service.ts", "TypeScript", 0, 0, 0, 74, 0, 0, 0, 26, 100
"c:\Users\F13RR0\Desktop\ProyectoWEB-archivo\Proyecto-WEB-2-master\src\app\deudas-extraordinarias\deudas-extraordinarias.component.css", "CSS", 0, 0, 54, 0, 0, 0, 0, 23, 77
"c:\Users\F13RR0\Desktop\ProyectoWEB-archivo\Proyecto-WEB-2-master\src\app\deudas-extraordinarias\deudas-extraordinarias.component.html", "HTML", 0, 0, 0, 0, 68, 0, 1, 17, 86
"c:\Users\F13RR0\Desktop\ProyectoWEB-archivo\Proyecto-WEB-2-master\src\app\deudas-extraordinarias\deudas-extraordinarias.component.spec.ts", "TypeScript", 0, 0, 0, 17, 0, 0, 0, 5, 22
"c:\Users\F13RR0\Desktop\ProyectoWEB-archivo\Proyecto-WEB-2-master\src\app\deudas-extraordinarias\deudas-extraordinarias.component.ts", "TypeScript", 0, 0, 0, 97, 0, 0, 1, 37, 135
"c:\Users\F13RR0\Desktop\ProyectoWEB-archivo\Proyecto-WEB-2-master\src\app\deudas-ordinarias\deudas-ordinarias.component.css", "CSS", 0, 0, 54, 0, 0, 0, 0, 23, 77
"c:\Users\F13RR0\Desktop\ProyectoWEB-archivo\Proyecto-WEB-2-master\src\app\deudas-ordinarias\deudas-ordinarias.component.html", "HTML", 0, 0, 0, 0, 86, 0, 1, 15, 102
"c:\Users\F13RR0\Desktop\ProyectoWEB-archivo\Proyecto-WEB-2-master\src\app\deudas-ordinarias\deudas-ordinarias.component.spec.ts", "TypeScript", 0, 0, 0, 17, 0, 0, 0, 5, 22
"c:\Users\F13RR0\Desktop\ProyectoWEB-archivo\Proyecto-WEB-2-master\src\app\deudas-ordinarias\deudas-ordinarias.component.ts", "TypeScript", 0, 0, 0, 108, 0, 0, 1, 33, 142
"c:\Users\F13RR0\Desktop\ProyectoWEB-archivo\Proyecto-WEB-2-master\src\app\deudores\deudores.component.css", "CSS", 0, 0, 66, 0, 0, 0, 0, 26, 92
"c:\Users\F13RR0\Desktop\ProyectoWEB-archivo\Proyecto-WEB-2-master\src\app\deudores\deudores.component.html", "HTML", 0, 0, 0, 0, 50, 0, 0, 2, 52
"c:\Users\F13RR0\Desktop\ProyectoWEB-archivo\Proyecto-WEB-2-master\src\app\deudores\deudores.component.spec.ts", "TypeScript", 0, 0, 0, 17, 0, 0, 0, 5, 22
"c:\Users\F13RR0\Desktop\ProyectoWEB-archivo\Proyecto-WEB-2-master\src\app\deudores\deudores.component.ts", "TypeScript", 0, 0, 0, 35, 0, 0, 0, 11, 46
"c:\Users\F13RR0\Desktop\ProyectoWEB-archivo\Proyecto-WEB-2-master\src\app\egresos\egresos.component.css", "CSS", 0, 0, 50, 0, 0, 0, 18, 23, 91
"c:\Users\F13RR0\Desktop\ProyectoWEB-archivo\Proyecto-WEB-2-master\src\app\egresos\egresos.component.html", "HTML", 0, 0, 0, 0, 26, 0, 1, 17, 44
"c:\Users\F13RR0\Desktop\ProyectoWEB-archivo\Proyecto-WEB-2-master\src\app\egresos\egresos.component.spec.ts", "TypeScript", 0, 0, 0, 17, 0, 0, 0, 5, 22
"c:\Users\F13RR0\Desktop\ProyectoWEB-archivo\Proyecto-WEB-2-master\src\app\egresos\egresos.component.ts", "TypeScript", 0, 0, 0, 8, 0, 0, 0, 3, 11
"c:\Users\F13RR0\Desktop\ProyectoWEB-archivo\Proyecto-WEB-2-master\src\app\email\email.component.css", "CSS", 0, 0, 0, 0, 0, 0, 0, 1, 1
"c:\Users\F13RR0\Desktop\ProyectoWEB-archivo\Proyecto-WEB-2-master\src\app\email\email.component.html", "HTML", 0, 0, 0, 0, 1, 0, 0, 1, 2
"c:\Users\F13RR0\Desktop\ProyectoWEB-archivo\Proyecto-WEB-2-master\src\app\email\email.component.spec.ts", "TypeScript", 0, 0, 0, 17, 0, 0, 0, 5, 22
"c:\Users\F13RR0\Desktop\ProyectoWEB-archivo\Proyecto-WEB-2-master\src\app\email\email.component.ts", "TypeScript", 0, 0, 0, 24, 0, 0, 0, 8, 32
"c:\Users\F13RR0\Desktop\ProyectoWEB-archivo\Proyecto-WEB-2-master\src\app\footer\footer.css", "CSS", 0, 0, 86, 0, 0, 0, 3, 18, 107
"c:\Users\F13RR0\Desktop\ProyectoWEB-archivo\Proyecto-WEB-2-master\src\app\footer\footer.html", "HTML", 0, 0, 0, 0, 14, 0, 0, 2, 16
"c:\Users\F13RR0\Desktop\ProyectoWEB-archivo\Proyecto-WEB-2-master\src\app\fraccionamientos\fraccionamientos.component.css", "CSS", 0, 0, 78, 0, 0, 0, 23, 27, 128
"c:\Users\F13RR0\Desktop\ProyectoWEB-archivo\Proyecto-WEB-2-master\src\app\fraccionamientos\fraccionamientos.component.html", "HTML", 0, 0, 0, 0, 48, 0, 36, 24, 108
"c:\Users\F13RR0\Desktop\ProyectoWEB-archivo\Proyecto-WEB-2-master\src\app\fraccionamientos\fraccionamientos.component.spec.ts", "TypeScript", 0, 0, 0, 17, 0, 0, 0, 7, 24
"c:\Users\F13RR0\Desktop\ProyectoWEB-archivo\Proyecto-WEB-2-master\src\app\fraccionamientos\fraccionamientos.component.ts", "TypeScript", 0, 0, 0, 91, 0, 0, 62, 34, 187
"c:\Users\F13RR0\Desktop\ProyectoWEB-archivo\Proyecto-WEB-2-master\src\app\home\home.component.css", "CSS", 0, 0, 4, 0, 0, 0, 0, 0, 4
"c:\Users\F13RR0\Desktop\ProyectoWEB-archivo\Proyecto-WEB-2-master\src\app\home\home.component.html", "HTML", 0, 0, 0, 0, 1, 0, 0, 0, 1
"c:\Users\F13RR0\Desktop\ProyectoWEB-archivo\Proyecto-WEB-2-master\src\app\home\home.component.spec.ts", "TypeScript", 0, 0, 0, 17, 0, 0, 0, 5, 22
"c:\Users\F13RR0\Desktop\ProyectoWEB-archivo\Proyecto-WEB-2-master\src\app\home\home.component.ts", "TypeScript", 0, 0, 0, 8, 0, 0, 0, 3, 11
"c:\Users\F13RR0\Desktop\ProyectoWEB-archivo\Proyecto-WEB-2-master\src\app\ingresos-extraordinarios\ingresos-extraordinarios.component.css", "CSS", 0, 0, 50, 0, 0, 0, 18, 22, 90
"c:\Users\F13RR0\Desktop\ProyectoWEB-archivo\Proyecto-WEB-2-master\src\app\ingresos-extraordinarios\ingresos-extraordinarios.component.html", "HTML", 0, 0, 0, 0, 34, 0, 2, 23, 59
"c:\Users\F13RR0\Desktop\ProyectoWEB-archivo\Proyecto-WEB-2-master\src\app\ingresos-extraordinarios\ingresos-extraordinarios.component.spec.ts", "TypeScript", 0, 0, 0, 17, 0, 0, 0, 5, 22
"c:\Users\F13RR0\Desktop\ProyectoWEB-archivo\Proyecto-WEB-2-master\src\app\ingresos-extraordinarios\ingresos-extraordinarios.component.ts", "TypeScript", 0, 0, 0, 8, 0, 0, 0, 3, 11
"c:\Users\F13RR0\Desktop\ProyectoWEB-archivo\Proyecto-WEB-2-master\src\app\ingresos-ordinarios\ingresos-ordinarios.component.css", "CSS", 0, 0, 59, 0, 0, 0, 0, 11, 70
"c:\Users\F13RR0\Desktop\ProyectoWEB-archivo\Proyecto-WEB-2-master\src\app\ingresos-ordinarios\ingresos-ordinarios.component.html", "HTML", 0, 0, 0, 0, 50, 0, 3, 15, 68
"c:\Users\F13RR0\Desktop\ProyectoWEB-archivo\Proyecto-WEB-2-master\src\app\ingresos-ordinarios\ingresos-ordinarios.component.spec.ts", "TypeScript", 0, 0, 0, 17, 0, 0, 0, 5, 22
"c:\Users\F13RR0\Desktop\ProyectoWEB-archivo\Proyecto-WEB-2-master\src\app\ingresos-ordinarios\ingresos-ordinarios.component.ts", "TypeScript", 0, 0, 0, 8, 0, 0, 0, 3, 11
"c:\Users\F13RR0\Desktop\ProyectoWEB-archivo\Proyecto-WEB-2-master\src\app\inicio-sesion\inicio-sesion.component.css", "CSS", 0, 0, 257, 0, 0, 0, 11, 45, 313
"c:\Users\F13RR0\Desktop\ProyectoWEB-archivo\Proyecto-WEB-2-master\src\app\inicio-sesion\inicio-sesion.component.html", "HTML", 0, 0, 0, 0, 117, 0, 5, 23, 145
"c:\Users\F13RR0\Desktop\ProyectoWEB-archivo\Proyecto-WEB-2-master\src\app\inicio-sesion\inicio-sesion.component.spec.ts", "TypeScript", 0, 0, 0, 17, 0, 0, 0, 5, 22
"c:\Users\F13RR0\Desktop\ProyectoWEB-archivo\Proyecto-WEB-2-master\src\app\inicio-sesion\inicio-sesion.component.ts", "TypeScript", 0, 0, 0, 150, 0, 0, 16, 35, 201
"c:\Users\F13RR0\Desktop\ProyectoWEB-archivo\Proyecto-WEB-2-master\src\app\inquilinos\inquilinos.component.ts", "TypeScript", 0, 0, 0, 39, 0, 0, 2, 16, 57
"c:\Users\F13RR0\Desktop\ProyectoWEB-archivo\Proyecto-WEB-2-master\src\app\invitacion\correo.service.spec.ts", "TypeScript", 0, 0, 0, 12, 0, 0, 0, 5, 17
"c:\Users\F13RR0\Desktop\ProyectoWEB-archivo\Proyecto-WEB-2-master\src\app\invitacion\correo.service.ts", "TypeScript", 0, 0, 0, 17, 0, 0, 0, 4, 21
"c:\Users\F13RR0\Desktop\ProyectoWEB-archivo\Proyecto-WEB-2-master\src\app\invitacion\invitacion.component.css", "CSS", 0, 0, 192, 0, 0, 0, 5, 64, 261
"c:\Users\F13RR0\Desktop\ProyectoWEB-archivo\Proyecto-WEB-2-master\src\app\invitacion\invitacion.component.html", "HTML", 0, 0, 0, 0, 66, 0, 2, 12, 80
"c:\Users\F13RR0\Desktop\ProyectoWEB-archivo\Proyecto-WEB-2-master\src\app\invitacion\invitacion.component.spec.ts", "TypeScript", 0, 0, 0, 17, 0, 0, 0, 5, 22
"c:\Users\F13RR0\Desktop\ProyectoWEB-archivo\Proyecto-WEB-2-master\src\app\invitacion\invitacion.component.ts", "TypeScript", 0, 0, 0, 93, 0, 0, 1, 16, 110
"c:\Users\F13RR0\Desktop\ProyectoWEB-archivo\Proyecto-WEB-2-master\src\app\invitacion\invitacion.model.spec.ts", "TypeScript", 0, 0, 0, 6, 0, 0, 0, 2, 8
"c:\Users\F13RR0\Desktop\ProyectoWEB-archivo\Proyecto-WEB-2-master\src\app\invitacion\invitacion.model.ts", "TypeScript", 0, 0, 0, 13, 0, 0, 0, 1, 14
"c:\Users\F13RR0\Desktop\ProyectoWEB-archivo\Proyecto-WEB-2-master\src\app\invitacion\invitacion.service.spec.ts", "TypeScript", 0, 0, 0, 12, 0, 0, 0, 5, 17
"c:\Users\F13RR0\Desktop\ProyectoWEB-archivo\Proyecto-WEB-2-master\src\app\invitacion\invitacion.service.ts", "TypeScript", 0, 0, 0, 17, 0, 0, 1, 9, 27
"c:\Users\F13RR0\Desktop\ProyectoWEB-archivo\Proyecto-WEB-2-master\src\app\invitacion\usuario.model.spec.ts", "TypeScript", 0, 0, 0, 6, 0, 0, 0, 2, 8
"c:\Users\F13RR0\Desktop\ProyectoWEB-archivo\Proyecto-WEB-2-master\src\app\invitacion\usuario.model.ts", "TypeScript", 0, 0, 0, 32, 0, 0, 0, 1, 33
"c:\Users\F13RR0\Desktop\ProyectoWEB-archivo\Proyecto-WEB-2-master\src\app\mis-deudas\mis-deudas.component.css", "CSS", 0, 0, 32, 0, 0, 0, 0, 7, 39
"c:\Users\F13RR0\Desktop\ProyectoWEB-archivo\Proyecto-WEB-2-master\src\app\mis-deudas\mis-deudas.component.html", "HTML", 0, 0, 0, 0, 42, 0, 4, 5, 51
"c:\Users\F13RR0\Desktop\ProyectoWEB-archivo\Proyecto-WEB-2-master\src\app\mis-deudas\mis-deudas.component.spec.ts", "TypeScript", 0, 0, 0, 17, 0, 0, 0, 5, 22
"c:\Users\F13RR0\Desktop\ProyectoWEB-archivo\Proyecto-WEB-2-master\src\app\mis-deudas\mis-deudas.component.ts", "TypeScript", 0, 0, 0, 8, 0, 0, 0, 3, 11
"c:\Users\F13RR0\Desktop\ProyectoWEB-archivo\Proyecto-WEB-2-master\src\app\modelos\deudas.ts", "TypeScript", 0, 0, 0, 38, 0, 0, 0, 7, 45
"c:\Users\F13RR0\Desktop\ProyectoWEB-archivo\Proyecto-WEB-2-master\src\app\modelos\fraccionamientos.ts", "TypeScript", 0, 0, 0, 34, 0, 0, 0, 10, 44
"c:\Users\F13RR0\Desktop\ProyectoWEB-archivo\Proyecto-WEB-2-master\src\app\modelos\inquilinos.ts", "TypeScript", 0, 0, 0, 20, 0, 0, 0, 1, 21
"c:\Users\F13RR0\Desktop\ProyectoWEB-archivo\Proyecto-WEB-2-master\src\app\modelos\propiedades.ts", "TypeScript", 0, 0, 0, 20, 0, 0, 0, 1, 21
"c:\Users\F13RR0\Desktop\ProyectoWEB-archivo\Proyecto-WEB-2-master\src\app\modelos\usuarios.ts", "TypeScript", 0, 0, 0, 47, 0, 0, 2, 10, 59
"c:\Users\F13RR0\Desktop\ProyectoWEB-archivo\Proyecto-WEB-2-master\src\app\not-found\not-found.component.css", "CSS", 0, 0, 0, 0, 0, 0, 0, 1, 1
"c:\Users\F13RR0\Desktop\ProyectoWEB-archivo\Proyecto-WEB-2-master\src\app\not-found\not-found.component.html", "HTML", 0, 0, 0, 0, 1, 0, 0, 1, 2
"c:\Users\F13RR0\Desktop\ProyectoWEB-archivo\Proyecto-WEB-2-master\src\app\not-found\not-found.component.spec.ts", "TypeScript", 0, 0, 0, 17, 0, 0, 0, 5, 22
"c:\Users\F13RR0\Desktop\ProyectoWEB-archivo\Proyecto-WEB-2-master\src\app\not-found\not-found.component.ts", "TypeScript", 0, 0, 0, 8, 0, 0, 0, 3, 11
"c:\Users\F13RR0\Desktop\ProyectoWEB-archivo\Proyecto-WEB-2-master\src\app\notificaciones-usuarios\notificaciones-usuarios.component.css", "CSS", 0, 0, 44, 0, 0, 0, 0, 9, 53
"c:\Users\F13RR0\Desktop\ProyectoWEB-archivo\Proyecto-WEB-2-master\src\app\notificaciones-usuarios\notificaciones-usuarios.component.html", "HTML", 0, 0, 0, 0, 21, 0, 1, 3, 25
"c:\Users\F13RR0\Desktop\ProyectoWEB-archivo\Proyecto-WEB-2-master\src\app\notificaciones-usuarios\notificaciones-usuarios.component.spec.ts", "TypeScript", 0, 0, 0, 17, 0, 0, 0, 5, 22
"c:\Users\F13RR0\Desktop\ProyectoWEB-archivo\Proyecto-WEB-2-master\src\app\notificaciones-usuarios\notificaciones-usuarios.component.ts", "TypeScript", 0, 0, 0, 41, 0, 0, 3, 8, 52
"c:\Users\F13RR0\Desktop\ProyectoWEB-archivo\Proyecto-WEB-2-master\src\app\notificaciones\notificaciones.component.css", "CSS", 0, 0, 81, 0, 0, 0, 44, 30, 155
"c:\Users\F13RR0\Desktop\ProyectoWEB-archivo\Proyecto-WEB-2-master\src\app\notificaciones\notificaciones.component.html", "HTML", 0, 0, 0, 0, 33, 0, 64, 11, 108
"c:\Users\F13RR0\Desktop\ProyectoWEB-archivo\Proyecto-WEB-2-master\src\app\notificaciones\notificaciones.component.ts", "TypeScript", 0, 0, 0, 130, 0, 0, 19, 27, 176
"c:\Users\F13RR0\Desktop\ProyectoWEB-archivo\Proyecto-WEB-2-master\src\app\notificaciones\notificaciones.model.spec.ts", "TypeScript", 0, 0, 0, 0, 0, 0, 9, 0, 9
"c:\Users\F13RR0\Desktop\ProyectoWEB-archivo\Proyecto-WEB-2-master\src\app\notificaciones\notificaciones.model.ts", "TypeScript", 0, 0, 0, 23, 0, 0, 0, 2, 25
"c:\Users\F13RR0\Desktop\ProyectoWEB-archivo\Proyecto-WEB-2-master\src\app\notificaciones\notificaciones.service.spec.ts", "TypeScript", 0, 0, 0, 12, 0, 0, 0, 5, 17
"c:\Users\F13RR0\Desktop\ProyectoWEB-archivo\Proyecto-WEB-2-master\src\app\notificaciones\notificaciones.service.ts", "TypeScript", 0, 0, 0, 27, 0, 0, 0, 12, 39
"c:\Users\F13RR0\Desktop\ProyectoWEB-archivo\Proyecto-WEB-2-master\src\app\notificaciones\personas.model.spec.ts", "TypeScript", 0, 0, 0, 6, 0, 0, 0, 2, 8
"c:\Users\F13RR0\Desktop\ProyectoWEB-archivo\Proyecto-WEB-2-master\src\app\notificaciones\personas.model.ts", "TypeScript", 0, 0, 0, 38, 0, 0, 0, 3, 41
"c:\Users\F13RR0\Desktop\ProyectoWEB-archivo\Proyecto-WEB-2-master\src\app\notificaciones\personas.service.spec.ts", "TypeScript", 0, 0, 0, 12, 0, 0, 0, 5, 17
"c:\Users\F13RR0\Desktop\ProyectoWEB-archivo\Proyecto-WEB-2-master\src\app\notificaciones\personas.service.ts", "TypeScript", 0, 0, 0, 15, 0, 0, 0, 5, 20
"c:\Users\F13RR0\Desktop\ProyectoWEB-archivo\Proyecto-WEB-2-master\src\app\panel-principal-admin\imagen.service.spec.ts", "TypeScript", 0, 0, 0, 12, 0, 0, 0, 5, 17
"c:\Users\F13RR0\Desktop\ProyectoWEB-archivo\Proyecto-WEB-2-master\src\app\panel-principal-admin\imagen.service.ts", "TypeScript", 0, 0, 0, 21, 0, 0, 4, 11, 36
"c:\Users\F13RR0\Desktop\ProyectoWEB-archivo\Proyecto-WEB-2-master\src\app\panel-principal-admin\panel-principal-admin.component.css", "CSS", 0, 0, 93, 0, 0, 0, 14, 46, 153
"c:\Users\F13RR0\Desktop\ProyectoWEB-archivo\Proyecto-WEB-2-master\src\app\panel-principal-admin\panel-principal-admin.component.html", "HTML", 0, 0, 0, 0, 54, 0, 0, 13, 67
"c:\Users\F13RR0\Desktop\ProyectoWEB-archivo\Proyecto-WEB-2-master\src\app\panel-principal-admin\panel-principal-admin.component.spec.ts", "TypeScript", 0, 0, 0, 17, 0, 0, 0, 5, 22
"c:\Users\F13RR0\Desktop\ProyectoWEB-archivo\Proyecto-WEB-2-master\src\app\panel-principal-admin\panel-principal-admin.component.ts", "TypeScript", 0, 0, 0, 96, 0, 0, 5, 29, 130
"c:\Users\F13RR0\Desktop\ProyectoWEB-archivo\Proyecto-WEB-2-master\src\app\panel-principal-tesorero\panel-principal-tesorero.component.css", "CSS", 0, 0, 57, 0, 0, 0, 22, 17, 96
"c:\Users\F13RR0\Desktop\ProyectoWEB-archivo\Proyecto-WEB-2-master\src\app\panel-principal-tesorero\panel-principal-tesorero.component.html", "HTML", 0, 0, 0, 0, 54, 0, 0, 2, 56
"c:\Users\F13RR0\Desktop\ProyectoWEB-archivo\Proyecto-WEB-2-master\src\app\panel-principal-tesorero\panel-principal-tesorero.component.spec.ts", "TypeScript", 0, 0, 0, 17, 0, 0, 0, 5, 22
"c:\Users\F13RR0\Desktop\ProyectoWEB-archivo\Proyecto-WEB-2-master\src\app\panel-principal-tesorero\panel-principal-tesorero.component.ts", "TypeScript", 0, 0, 0, 56, 0, 0, 3, 16, 75
"c:\Users\F13RR0\Desktop\ProyectoWEB-archivo\Proyecto-WEB-2-master\src\app\panel-principal-user\panel-principal-user.component.css", "CSS", 0, 0, 57, 0, 0, 0, 7, 15, 79
"c:\Users\F13RR0\Desktop\ProyectoWEB-archivo\Proyecto-WEB-2-master\src\app\panel-principal-user\panel-principal-user.component.html", "HTML", 0, 0, 0, 0, 52, 0, 0, 6, 58
"c:\Users\F13RR0\Desktop\ProyectoWEB-archivo\Proyecto-WEB-2-master\src\app\panel-principal-user\panel-principal-user.component.spec.ts", "TypeScript", 0, 0, 0, 17, 0, 0, 0, 5, 22
"c:\Users\F13RR0\Desktop\ProyectoWEB-archivo\Proyecto-WEB-2-master\src\app\panel-principal-user\panel-principal-user.component.ts", "TypeScript", 0, 0, 0, 50, 0, 0, 3, 15, 68
"c:\Users\F13RR0\Desktop\ProyectoWEB-archivo\Proyecto-WEB-2-master\src\app\pipe\filtro-acuerdos.pipe.spec.ts", "TypeScript", 0, 0, 0, 7, 0, 0, 0, 2, 9
"c:\Users\F13RR0\Desktop\ProyectoWEB-archivo\Proyecto-WEB-2-master\src\app\pipe\filtro-acuerdos.pipe.ts", "TypeScript", 0, 0, 0, 11, 0, 0, 0, 5, 16
"c:\Users\F13RR0\Desktop\ProyectoWEB-archivo\Proyecto-WEB-2-master\src\app\pipe\filtro-deudores.pipe.spec.ts", "TypeScript", 0, 0, 0, 7, 0, 0, 0, 2, 9
"c:\Users\F13RR0\Desktop\ProyectoWEB-archivo\Proyecto-WEB-2-master\src\app\pipe\filtro-deudores.pipe.ts", "TypeScript", 0, 0, 0, 11, 0, 0, 0, 4, 15
"c:\Users\F13RR0\Desktop\ProyectoWEB-archivo\Proyecto-WEB-2-master\src\app\pipe\filtro-fecha.pipe.spec.ts", "TypeScript", 0, 0, 0, 7, 0, 0, 0, 2, 9
"c:\Users\F13RR0\Desktop\ProyectoWEB-archivo\Proyecto-WEB-2-master\src\app\pipe\filtro-fecha.pipe.ts", "TypeScript", 0, 0, 0, 12, 0, 0, 1, 7, 20
"c:\Users\F13RR0\Desktop\ProyectoWEB-archivo\Proyecto-WEB-2-master\src\app\pipe\filtro-notificaciones.pipe.spec.ts", "TypeScript", 0, 0, 0, 7, 0, 0, 0, 2, 9
"c:\Users\F13RR0\Desktop\ProyectoWEB-archivo\Proyecto-WEB-2-master\src\app\pipe\filtro-notificaciones.pipe.ts", "TypeScript", 0, 0, 0, 11, 0, 0, 0, 4, 15
"c:\Users\F13RR0\Desktop\ProyectoWEB-archivo\Proyecto-WEB-2-master\src\app\pipe\filtro-usuarios.pipe.spec.ts", "TypeScript", 0, 0, 0, 7, 0, 0, 0, 2, 9
"c:\Users\F13RR0\Desktop\ProyectoWEB-archivo\Proyecto-WEB-2-master\src\app\pipe\filtro-usuarios.pipe.ts", "TypeScript", 0, 0, 0, 11, 0, 0, 0, 4, 15
"c:\Users\F13RR0\Desktop\ProyectoWEB-archivo\Proyecto-WEB-2-master\src\app\propiedades\correo.service.spec.ts", "TypeScript", 0, 0, 0, 12, 0, 0, 0, 5, 17
"c:\Users\F13RR0\Desktop\ProyectoWEB-archivo\Proyecto-WEB-2-master\src\app\propiedades\correo.service.ts", "TypeScript", 0, 0, 0, 17, 0, 0, 0, 3, 20
"c:\Users\F13RR0\Desktop\ProyectoWEB-archivo\Proyecto-WEB-2-master\src\app\propiedades\invitacion.service.spec.ts", "TypeScript", 0, 0, 0, 12, 0, 0, 0, 5, 17
"c:\Users\F13RR0\Desktop\ProyectoWEB-archivo\Proyecto-WEB-2-master\src\app\propiedades\invitacion.service.ts", "TypeScript", 0, 0, 0, 12, 0, 0, 1, 7, 20
"c:\Users\F13RR0\Desktop\ProyectoWEB-archivo\Proyecto-WEB-2-master\src\app\propiedades\propiedades.component.css", "CSS", 0, 0, 166, 0, 0, 0, 10, 84, 260
"c:\Users\F13RR0\Desktop\ProyectoWEB-archivo\Proyecto-WEB-2-master\src\app\propiedades\propiedades.component.html", "HTML", 0, 0, 0, 0, 124, 0, 134, 51, 309
"c:\Users\F13RR0\Desktop\ProyectoWEB-archivo\Proyecto-WEB-2-master\src\app\propiedades\propiedades.component.spec.ts", "TypeScript", 0, 0, 0, 17, 0, 0, 0, 5, 22
"c:\Users\F13RR0\Desktop\ProyectoWEB-archivo\Proyecto-WEB-2-master\src\app\propiedades\propiedades.component.ts", "TypeScript", 0, 0, 0, 362, 0, 0, 52, 89, 503
"c:\Users\F13RR0\Desktop\ProyectoWEB-archivo\Proyecto-WEB-2-master\src\app\proveedores-usuarios\proveedores-usuarios.component.css", "CSS", 0, 0, 30, 0, 0, 0, 0, 5, 35
"c:\Users\F13RR0\Desktop\ProyectoWEB-archivo\Proyecto-WEB-2-master\src\app\proveedores-usuarios\proveedores-usuarios.component.html", "HTML", 0, 0, 0, 0, 31, 0, 0, 2, 33
"c:\Users\F13RR0\Desktop\ProyectoWEB-archivo\Proyecto-WEB-2-master\src\app\proveedores-usuarios\proveedores-usuarios.component.spec.ts", "TypeScript", 0, 0, 0, 17, 0, 0, 0, 5, 22
"c:\Users\F13RR0\Desktop\ProyectoWEB-archivo\Proyecto-WEB-2-master\src\app\proveedores-usuarios\proveedores-usuarios.component.ts", "TypeScript", 0, 0, 0, 27, 0, 0, 4, 8, 39
"c:\Users\F13RR0\Desktop\ProyectoWEB-archivo\Proyecto-WEB-2-master\src\app\proveedores\proveedor.model.spec.ts", "TypeScript", 0, 0, 0, 0, 0, 0, 9, 0, 9
"c:\Users\F13RR0\Desktop\ProyectoWEB-archivo\Proyecto-WEB-2-master\src\app\proveedores\proveedor.model.ts", "TypeScript", 0, 0, 0, 32, 0, 0, 0, 2, 34
"c:\Users\F13RR0\Desktop\ProyectoWEB-archivo\Proyecto-WEB-2-master\src\app\proveedores\proveedores.component.css", "CSS", 0, 0, 77, 0, 0, 0, 0, 30, 107
"c:\Users\F13RR0\Desktop\ProyectoWEB-archivo\Proyecto-WEB-2-master\src\app\proveedores\proveedores.component.html", "HTML", 0, 0, 0, 0, 89, 0, 0, 7, 96
"c:\Users\F13RR0\Desktop\ProyectoWEB-archivo\Proyecto-WEB-2-master\src\app\proveedores\proveedores.component.spec.ts", "TypeScript", 0, 0, 0, 17, 0, 0, 0, 5, 22
"c:\Users\F13RR0\Desktop\ProyectoWEB-archivo\Proyecto-WEB-2-master\src\app\proveedores\proveedores.component.ts", "TypeScript", 0, 0, 0, 94, 0, 0, 23, 25, 142
"c:\Users\F13RR0\Desktop\ProyectoWEB-archivo\Proyecto-WEB-2-master\src\app\proveedores\proveedores.service.spec.ts", "TypeScript", 0, 0, 0, 12, 0, 0, 0, 5, 17
"c:\Users\F13RR0\Desktop\ProyectoWEB-archivo\Proyecto-WEB-2-master\src\app\proveedores\proveedores.service.ts", "TypeScript", 0, 0, 0, 24, 0, 0, 1, 10, 35
"c:\Users\F13RR0\Desktop\ProyectoWEB-archivo\Proyecto-WEB-2-master\src\app\prueba\prueba.component.css", "CSS", 0, 0, 0, 0, 0, 0, 0, 1, 1
"c:\Users\F13RR0\Desktop\ProyectoWEB-archivo\Proyecto-WEB-2-master\src\app\prueba\prueba.component.html", "HTML", 0, 0, 0, 0, 1, 0, 0, 1, 2
"c:\Users\F13RR0\Desktop\ProyectoWEB-archivo\Proyecto-WEB-2-master\src\app\prueba\prueba.component.spec.ts", "TypeScript", 0, 0, 0, 17, 0, 0, 0, 5, 22
"c:\Users\F13RR0\Desktop\ProyectoWEB-archivo\Proyecto-WEB-2-master\src\app\prueba\prueba.component.ts", "TypeScript", 0, 0, 0, 8, 0, 0, 0, 3, 11
"c:\Users\F13RR0\Desktop\ProyectoWEB-archivo\Proyecto-WEB-2-master\src\app\recuperacion-contrasenia\correo.service.spec.ts", "TypeScript", 0, 0, 0, 12, 0, 0, 0, 5, 17
"c:\Users\F13RR0\Desktop\ProyectoWEB-archivo\Proyecto-WEB-2-master\src\app\recuperacion-contrasenia\correo.service.ts", "TypeScript", 0, 0, 0, 17, 0, 0, 0, 4, 21
"c:\Users\F13RR0\Desktop\ProyectoWEB-archivo\Proyecto-WEB-2-master\src\app\recuperacion-contrasenia\recuperacion-contrasenia.component.css", "CSS", 0, 0, 330, 0, 0, 0, 15, 58, 403
"c:\Users\F13RR0\Desktop\ProyectoWEB-archivo\Proyecto-WEB-2-master\src\app\recuperacion-contrasenia\recuperacion-contrasenia.component.html", "HTML", 0, 0, 0, 0, 46, 0, 3, 17, 66
"c:\Users\F13RR0\Desktop\ProyectoWEB-archivo\Proyecto-WEB-2-master\src\app\recuperacion-contrasenia\recuperacion-contrasenia.component.spec.ts", "TypeScript", 0, 0, 0, 17, 0, 0, 0, 5, 22
"c:\Users\F13RR0\Desktop\ProyectoWEB-archivo\Proyecto-WEB-2-master\src\app\recuperacion-contrasenia\recuperacion-contrasenia.component.ts", "TypeScript", 0, 0, 0, 114, 0, 0, 18, 24, 156
"c:\Users\F13RR0\Desktop\ProyectoWEB-archivo\Proyecto-WEB-2-master\src\app\recuperacion-contrasenia\recuperacion.service.spec.ts", "TypeScript", 0, 0, 0, 12, 0, 0, 0, 5, 17
"c:\Users\F13RR0\Desktop\ProyectoWEB-archivo\Proyecto-WEB-2-master\src\app\recuperacion-contrasenia\recuperacion.service.ts", "TypeScript", 0, 0, 0, 14, 0, 0, 0, 5, 19
"c:\Users\F13RR0\Desktop\ProyectoWEB-archivo\Proyecto-WEB-2-master\src\app\registros\registros.component.css", "CSS", 0, 0, 193, 0, 0, 0, 4, 64, 261
"c:\Users\F13RR0\Desktop\ProyectoWEB-archivo\Proyecto-WEB-2-master\src\app\registros\registros.component.html", "HTML", 0, 0, 0, 0, 61, 0, 1, 12, 74
"c:\Users\F13RR0\Desktop\ProyectoWEB-archivo\Proyecto-WEB-2-master\src\app\registros\registros.component.spec.ts", "TypeScript", 0, 0, 0, 17, 0, 0, 0, 5, 22
"c:\Users\F13RR0\Desktop\ProyectoWEB-archivo\Proyecto-WEB-2-master\src\app\registros\registros.component.ts", "TypeScript", 0, 0, 0, 176, 0, 0, 29, 48, 253
"c:\Users\F13RR0\Desktop\ProyectoWEB-archivo\Proyecto-WEB-2-master\src\app\side-nav\side-nav.component.css", "CSS", 0, 0, 29, 0, 0, 0, 5, 12, 46
"c:\Users\F13RR0\Desktop\ProyectoWEB-archivo\Proyecto-WEB-2-master\src\app\side-nav\side-nav.component.html", "HTML", 0, 0, 0, 0, 36, 0, 0, 4, 40
"c:\Users\F13RR0\Desktop\ProyectoWEB-archivo\Proyecto-WEB-2-master\src\app\side-nav\side-nav.component.spec.ts", "TypeScript", 0, 0, 0, 18, 0, 0, 0, 5, 23
"c:\Users\F13RR0\Desktop\ProyectoWEB-archivo\Proyecto-WEB-2-master\src\app\side-nav\side-nav.component.ts", "TypeScript", 0, 0, 0, 39, 0, 0, 1, 16, 56
"c:\Users\F13RR0\Desktop\ProyectoWEB-archivo\Proyecto-WEB-2-master\src\app\usuarios\usuarios.component.css", "CSS", 0, 0, 72, 0, 0, 0, 0, 30, 102
"c:\Users\F13RR0\Desktop\ProyectoWEB-archivo\Proyecto-WEB-2-master\src\app\usuarios\usuarios.component.html", "HTML", 0, 0, 0, 0, 98, 0, 17, 18, 133
"c:\Users\F13RR0\Desktop\ProyectoWEB-archivo\Proyecto-WEB-2-master\src\app\usuarios\usuarios.component.spec.ts", "TypeScript", 0, 0, 0, 17, 0, 0, 0, 5, 22
"c:\Users\F13RR0\Desktop\ProyectoWEB-archivo\Proyecto-WEB-2-master\src\app\usuarios\usuarios.component.ts", "TypeScript", 0, 0, 0, 175, 0, 0, 29, 51, 255
"c:\Users\F13RR0\Desktop\ProyectoWEB-archivo\Proyecto-WEB-2-master\src\index.html", "HTML", 0, 0, 0, 0, 16, 0, 0, 1, 17
"c:\Users\F13RR0\Desktop\ProyectoWEB-archivo\Proyecto-WEB-2-master\src\main.ts", "TypeScript", 0, 0, 0, 5, 0, 0, 0, 4, 9
"c:\Users\F13RR0\Desktop\ProyectoWEB-archivo\Proyecto-WEB-2-master\src\styles.css", "CSS", 0, 0, 2, 0, 0, 0, 1, 2, 5
"c:\Users\F13RR0\Desktop\ProyectoWEB-archivo\Proyecto-WEB-2-master\tsconfig.app.json", "JSON", 13, 0, 0, 0, 0, 0, 1, 1, 15
"c:\Users\F13RR0\Desktop\ProyectoWEB-archivo\Proyecto-WEB-2-master\tsconfig.json", "JSON with Comments", 0, 32, 0, 0, 0, 0, 1, 1, 34
"c:\Users\F13RR0\Desktop\ProyectoWEB-archivo\Proyecto-WEB-2-master\tsconfig.spec.json", "JSON", 13, 0, 0, 0, 0, 0, 1, 1, 15
"Total", "-", 14159, 49, 3137, 4540, 1614, 14, 989, 2581, 27083